gifID,Name,Body Part,Target,Equipment,Secondary Muscles,Instructions,WorkoutType,Difficulty,Intensity
597,lever seated hip abduction,upper legs,abductors,leverage machine,"glutes, hamstrings","Adjust the seat height so that your knees are at a 90-degree angle.  Sit on the machine with your back against the backrest and your feet on the footrests.  Place your hands on the side handles for stability.  Engage your abductors and slowly push your legs apart, away from the midline of your body.  Pause for a moment at the end of the movement, then slowly bring your legs back together to the starting position.  Repeat for the desired number of repetitions.",Endurance,Beginner,0.37
710,side hip abduction,upper legs,abductors,body weight,"glutes, quadriceps","Stand with your feet shoulder-width apart and your hands on your hips.  Shift your weight to one leg and lift the opposite leg out to the side, keeping it straight.  Pause for a moment at the top, then slowly lower your leg back down to the starting position.  Repeat on the other side.  Continue alternating sides for the desired number of repetitions.",Endurance,Beginner,0.35
1427,straight leg outer hip abductor,upper legs,abductors,body weight,"glutes, hamstrings","Lie on your side with your legs straight and stacked on top of each other.  Place your bottom arm under your head for support.  Engage your core and lift your top leg as high as possible without rotating your hips or leaning backward.  Pause for a moment at the top, then slowly lower your leg back down to the starting position.  Repeat for the desired number of repetitions, then switch sides.",Endurance,Beginner,0.35
1774,side bridge hip abduction,upper legs,abductors,body weight,"glutes, obliques","Lie on your side with your legs extended and stacked on top of each other.  Prop yourself up on your forearm, keeping your elbow directly below your shoulder.  Engage your core and lift your hips off the ground, creating a straight line from your head to your feet.  While keeping your core engaged, lift your top leg as high as possible without rotating your hips.  Pause for a moment at the top, then lower your leg back down.  Repeat for the desired number of repetitions, then switch sides.",Endurance,Beginner,0.35
3006,resistance band seated hip abduction,upper legs,abductors,resistance band,"glutes, hamstrings","Sit on a chair or bench with your back straight and feet flat on the ground.  Wrap the resistance band around your thighs, just above your knees.  Place your hands on the sides of the chair or bench for support.  Engage your abductors (outer thigh muscles) and slowly push your knees apart, against the resistance of the band.  Pause for a moment at the end of the movement, then slowly bring your knees back together.  Repeat for the desired number of repetitions.",Endurance,Beginner,0.32
1,3/4 sit-up,waist,abs,body weight,"hip flexors, lower back","Lie flat on your back with your knees bent and feet flat on the ground.  Place your hands behind your head with your elbows pointing outwards.  Engaging your abs, slowly lift your upper body off the ground, curling forward until your torso is at a 45-degree angle.  Pause for a moment at the top, then slowly lower your upper body back down to the starting position.  Repeat for the desired number of repetitions.",Core,Beginner,0.3
2,45° side bend,waist,abs,body weight,obliques,"Stand with your feet shoulder-width apart and your arms extended straight down by your sides.  Keeping your back straight and your core engaged, slowly bend your torso to one side, lowering your hand towards your knee.  Pause for a moment at the bottom, then slowly return to the starting position.  Repeat on the other side.  Continue alternating sides for the desired number of repetitions.",Flexibility,Beginner,0.2
3,air bike,waist,abs,body weight,hip flexors,"Lie flat on your back with your hands placed behind your head.  Lift your legs off the ground and bend your knees at a 90-degree angle.  Bring your right elbow towards your left knee while simultaneously straightening your right leg.  Return to the starting position and repeat the movement on the opposite side, bringing your left elbow towards your right knee while straightening your left leg.  Continue alternating sides in a pedaling motion for the desired number of repetitions.",Core,Beginner,0.3
6,alternate heel touchers,waist,abs,body weight,obliques,"Lie flat on your back with your knees bent and feet flat on the ground.  Extend your arms straight out to the sides, parallel to the ground.  Engaging your abs, lift your shoulders off the ground and reach your right hand towards your right heel.  Return to the starting position and repeat on the left side, reaching your left hand towards your left heel.  Continue alternating sides for the desired number of repetitions.",Core,Beginner,0.3
10,assisted hanging knee raise with throw down,waist,abs,assisted,"hip flexors, lower back","Hang from a pull-up bar with your arms fully extended and your palms facing away from you.  Engage your core and lift your knees towards your chest, keeping your legs together.  Once your knees are at chest level, explosively throw your legs down towards the ground, extending them fully.  Allow your legs to swing back up and repeat the movement for the desired number of repetitions.",Core,Beginner,0.25
11,assisted hanging knee raise,waist,abs,assisted,hip flexors,"Hang from a pull-up bar with your arms fully extended and your palms facing away from you.  Engage your core muscles and lift your knees towards your chest, bending at the hips and knees.  Pause for a moment at the top of the movement, squeezing your abs.  Slowly lower your legs back down to the starting position.  Repeat for the desired number of repetitions.",Core,Beginner,0.25
12,assisted lying leg raise with lateral throw down,waist,abs,assisted,"hip flexors, obliques","Lie flat on your back with your legs extended and your arms by your sides.  Place your hands under your glutes for support.  Engage your abs and lift your legs off the ground, keeping them straight.  While keeping your legs together, lower them to one side until they are a few inches above the ground.  Pause for a moment, then lift your legs back to the starting position.  Repeat the movement to the other side.  Continue alternating sides for the desired number of repetitions.",Core,Beginner,0.25
13,assisted lying leg raise with throw down,waist,abs,assisted,"hip flexors, quadriceps","Lie flat on your back with your legs extended and your arms by your sides.  Place your hands under your glutes for support.  Engage your core and lift your legs off the ground, keeping them straight.  Raise your legs until they are perpendicular to the ground.  Lower your legs back down to the starting position.  Simultaneously, throw your legs down towards the ground, keeping them straight.  Raise your legs back up to the starting position.  Repeat for the desired number of repetitions.",Core,Beginner,0.25
14,assisted motion russian twist,waist,abs,medicine ball,"obliques, lower back","Sit on the ground with your knees bent and feet flat on the floor.  Hold the medicine ball with both hands in front of your chest.  Lean back slightly, engaging your abs and keeping your back straight.  Slowly twist your torso to the right, bringing the medicine ball towards the right side of your body.  Pause for a moment, then twist your torso to the left, bringing the medicine ball towards the left side of your body.  Continue alternating sides for the desired number of repetitions.",Flexibility,Beginner,0.2
71,barbell press sit-up,waist,abs,barbell,"shoulders, chest","Lie flat on your back on a mat with your knees bent and feet flat on the ground.  Hold the barbell with an overhand grip, resting it on your chest.  Engaging your abs, slowly lift your upper body off the ground, curling forward until your torso is at a 45-degree angle.  Pause for a moment at the top, then slowly lower your upper body back down to the starting position.  Repeat for the desired number of repetitions.",Core,Intermediate,0.68
168,cable hip adduction,upper legs,adductors,cable,"glutes, quadriceps","Attach the ankle cuff to your ankle and stand facing the cable machine.  Position yourself far enough away from the machine so that there is tension on the cable.  Place your hands on the machine for support.  Keeping your leg straight, slowly move your leg across your body towards the midline.  Pause for a moment at the end of the movement, then slowly return to the starting position.  Repeat for the desired number of repetitions.",Endurance,Intermediate,0.67
598,lever seated hip adduction,upper legs,adductors,leverage machine,"hamstrings, glutes","Adjust the seat height and position yourself on the machine with your back against the backrest.  Place your feet on the footrests and grasp the handles for stability.  Engage your adductor muscles and slowly bring your legs together, squeezing your inner thighs.  Pause for a moment at the peak contraction, then slowly return to the starting position.  Repeat for the desired number of repetitions.",Endurance,Beginner,0.37
1494,butterfly yoga pose,upper legs,adductors,body weight,"hamstrings, groin","Sit on the floor with your legs extended in front of you.  Bend your knees and bring the soles of your feet together, allowing your knees to fall out to the sides.  Hold onto your ankles or feet with your hands.  Sit up tall and lengthen your spine.  Gently press your knees down towards the floor, feeling a stretch in your inner thighs.  Hold this position for a few breaths.  To release, slowly bring your knees back up and extend your legs.",Flexibility,Beginner,0.2
1712,assisted side lying adductor stretch,upper legs,adductors,assisted,"hamstrings, glutes","Lie on your side with your legs straight and stacked on top of each other.  Bend your bottom leg slightly for stability.  Place your top foot on a stable surface, such as a bench or step.  Keeping your top leg straight, slowly lower it towards the ground, feeling a stretch in your inner thigh.  Hold the stretch for 20-30 seconds.  Return to the starting position and repeat on the other side.",Flexibility,Beginner,0.15
1775,side plank hip adduction,upper legs,adductors,body weight,"obliques, glutes","Start by lying on your side with your legs extended and stacked on top of each other.  Prop yourself up on your forearm, keeping your elbow directly below your shoulder.  Engage your core and lift your hips off the ground, creating a straight line from your head to your feet.  While maintaining the side plank position, lift your top leg towards the ceiling, keeping it straight.  Slowly lower your leg back down to the starting position.  Repeat for the desired number of repetitions, then switch sides.",Endurance,Beginner,0.35
3667,side lying hip adduction (male),upper legs,adductors,body weight,"glutes, hamstrings","Lie on your side with your legs straight and stacked on top of each other.  Place your bottom arm under your head for support.  Engage your adductors and lift your top leg as high as possible without rotating your hips or leaning backward.  Pause for a moment at the top, then slowly lower your leg back down to the starting position.  Repeat for the desired number of repetitions, then switch sides.",Endurance,Beginner,0.35
23,barbell alternate biceps curl,upper arms,biceps,barbell,forearms,"Stand up straight with your feet shoulder-width apart and hold a barbell in each hand, palms facing forward.  Keep your upper arms stationary and exhale as you curl the weights while contracting your biceps.  Continue to raise the barbells until your biceps are fully contracted and the barbells are at shoulder level.  Hold the contracted position for a brief pause as you squeeze your biceps.  Inhale as you slowly begin to lower the barbells back to the starting position.  Repeat for the desired number of repetitions, alternating arms.",Strength,Intermediate,0.73
31,barbell curl,upper arms,biceps,barbell,forearms,"Stand up straight with your feet shoulder-width apart and hold a barbell with an underhand grip, palms facing forward.  Keep your elbows close to your torso and exhale as you curl the weights while contracting your biceps.  Continue to raise the bar until your biceps are fully contracted and the bar is at shoulder level.  Hold the contracted position for a brief pause as you squeeze your biceps.  Inhale as you slowly begin to lower the bar back to the starting position.  Repeat for the desired number of repetitions.",Strength,Intermediate,0.73
38,barbell drag curl,upper arms,biceps,barbell,forearms,"Stand with your feet shoulder-width apart and hold a barbell with an underhand grip, palms facing up.  Let the barbell hang at arm's length in front of your thighs.  Keeping your upper arms stationary, curl the barbell up towards your chest by contracting your biceps.  Pause for a moment at the top, then slowly lower the barbell back down to the starting position.  Repeat for the desired number of repetitions.",Strength,Intermediate,0.73
59,barbell lying preacher curl,upper arms,biceps,barbell,forearms,"Sit on a preacher bench with your chest against the pad and your arms extended over the edge, holding a barbell with an underhand grip.  Keeping your upper arms stationary, exhale and curl the weights while contracting your biceps.  Continue to raise the bar until your biceps are fully contracted and the bar is at shoulder level.  Hold the contracted position for a brief pause as you squeeze your biceps.  Inhale and slowly begin to lower the barbell back to the starting position.  Repeat for the desired number of repetitions.",Strength,Beginner,0.43
70,barbell preacher curl,upper arms,biceps,barbell,forearms,"Sit on a preacher bench with your upper arms resting on the pad and your chest against the support.  Grasp the barbell with an underhand grip, slightly wider than shoulder-width apart.  Keeping your upper arms stationary, exhale and curl the barbell up towards your shoulders.  Pause for a moment at the top, squeezing your biceps.  Inhale and slowly lower the barbell back down to the starting position.  Repeat for the desired number of repetitions.",Strength,Intermediate,0.73
72,barbell prone incline curl,upper arms,biceps,barbell,forearms,"Set up an incline bench at a 45-degree angle.  Lie face down on the bench with your chest and stomach resting against it.  Hold a barbell with an underhand grip, shoulder-width apart.  Extend your arms fully, allowing the barbell to hang down towards the floor.  Keeping your upper arms stationary, exhale and curl the weights while contracting your biceps.  Continue to raise the barbell until your biceps are fully contracted and the bar is at shoulder level.  Hold the contracted position for a brief pause as you squeeze your biceps.  Inhale and slowly begin to lower the barbell back to the starting position.  Repeat for the desired number of repetitions.",Strength,Intermediate,0.73
80,barbell reverse curl,upper arms,biceps,barbell,forearms,"Stand up straight with your feet shoulder-width apart and hold a barbell with an overhand grip, palms facing down.  Keep your upper arms stationary and exhale as you curl the barbell upward, contracting your biceps.  Continue to raise the barbell until your biceps are fully contracted and the barbell is at shoulder level.  Hold the contracted position for a brief pause as you squeeze your biceps.  Inhale as you slowly lower the barbell back to the starting position, keeping your upper arms stationary.  Repeat for the desired number of repetitions.",Strength,Intermediate,0.73
81,barbell reverse preacher curl,upper arms,biceps,barbell,forearms,"Sit on a preacher bench with your chest against the pad and your arms extended straight down, holding a barbell with an overhand grip.  Keeping your upper arms stationary, exhale and curl the barbell upward while contracting your biceps.  Continue to raise the barbell until your biceps are fully contracted and the barbell is at shoulder level.  Hold the contracted position for a brief pause as you squeeze your biceps.  Inhale and slowly lower the barbell back to the starting position.  Repeat for the desired number of repetitions.",Strength,Intermediate,0.73
89,barbell seated close-grip concentration curl,upper arms,biceps,barbell,forearms,"Sit on a bench with your feet flat on the floor and hold a barbell with an underhand grip, hands shoulder-width apart.  Rest your upper arms against your inner thighs, just above your knees, and let the barbell hang down in front of you.  Keeping your upper arms stationary, exhale and curl the barbell up towards your shoulders, contracting your biceps.  Hold the contracted position for a brief pause, then inhale and slowly lower the barbell back down to the starting position.  Repeat for the desired number of repetitions.",Strength,Beginner,0.43
106,barbell standing close grip curl,upper arms,biceps,barbell,forearms,"Stand up straight with your feet shoulder-width apart and hold a barbell with an underhand grip, hands close together.  Keep your elbows close to your torso and your upper arms stationary throughout the movement.  Exhale as you curl the weights while contracting your biceps. Continue to raise the bar until your biceps are fully contracted and the bar is at shoulder level.  Hold the contracted position for a brief pause as you squeeze your biceps.  Inhale as you slowly begin to bring the barbell back to the starting position.  Repeat for the desired number of repetitions.",Strength,Intermediate,0.73
1371,barbell seated calf raise,lower legs,calves,barbell,hamstrings,"Sit on a bench with your feet flat on the floor and a barbell resting on your thighs.  Place the balls of your feet on a raised platform, such as a block or step.  Lower your heels as far as possible, feeling a stretch in your calves.  Raise your heels as high as possible, contracting your calves.  Repeat for the desired number of repetitions.",Endurance,Beginner,0.43
108,barbell standing leg calf raise,lower legs,calves,barbell,"hamstrings, glutes","Stand with your feet shoulder-width apart and place a barbell across your upper back.  Raise your heels off the ground as high as possible, using your calves.  Pause for a moment at the top, then slowly lower your heels back down to the starting position.  Repeat for the desired number of repetitions.",Endurance,Intermediate,0.73
111,barbell standing rocking leg calf raise,lower legs,calves,barbell,"hamstrings, quadriceps","Stand with your feet shoulder-width apart and hold a barbell across your upper back.  Raise your heels off the ground as high as possible, balancing on the balls of your feet.  Slowly lower your heels back down to the starting position.  Repeat for the desired number of repetitions.",Endurance,Intermediate,0.73
257,circles knee stretch,lower legs,calves,body weight,"hamstrings, quadriceps","Stand with your feet shoulder-width apart and your hands on your hips.  Bend your knees slightly and lift your heels off the ground, balancing on the balls of your feet.  Keeping your knees bent, rotate your knees in a circular motion, first clockwise and then counterclockwise.  Perform the movement for the desired number of repetitions.",Flexibility,Beginner,0.2
284,donkey calf raise,lower legs,calves,body weight,"hamstrings, glutes","Stand with your toes on an elevated surface, such as a step or block.  Place your hands on a stable support, such as a wall or railing, for balance.  Raise your heels as high as possible, lifting your body weight onto the balls of your feet.  Pause for a moment at the top, then slowly lower your heels back down to the starting position.  Repeat for the desired number of repetitions.",Endurance,Beginner,0.35
400,dumbbell seated one leg calf raise,lower legs,calves,dumbbell,"hamstrings, glutes","Sit on a bench or chair with your feet flat on the ground and a dumbbell resting on your right thigh.  Extend your left leg straight out in front of you, keeping your foot flexed.  Place the ball of your right foot on an elevated surface, such as a step or weight plate.  Using your calf muscles, raise your right heel as high as possible.  Pause for a moment at the top, then slowly lower your heel back down to the starting position.  Repeat for the desired number of repetitions, then switch legs.",Endurance,Beginner,0.35
409,dumbbell single leg calf raise,lower legs,calves,dumbbell,ankles,"Stand on the edge of a step or platform with your heels hanging off and your toes on the step.  Hold a dumbbell in one hand and place your other hand on a wall or railing for support.  Raise your heel as high as possible, lifting your body up onto your toes.  Pause for a moment at the top, then slowly lower your heel back down below the step.  Repeat for the desired number of repetitions, then switch to the other leg.",Endurance,Beginner,0.35
417,dumbbell standing calf raise,lower legs,calves,dumbbell,ankles,"Stand with your feet shoulder-width apart, holding a dumbbell in each hand.  Raise your heels off the ground as high as possible, using your calves.  Pause for a moment at the top, then slowly lower your heels back down to the starting position.  Repeat for the desired number of repetitions.",Endurance,Beginner,0.35
594,lever seated calf raise,lower legs,calves,leverage machine,"soleus, ankle stabilizers","Adjust the seat height so that your knees are slightly bent and your feet are flat on the footplate.  Place your toes on the footplate with your heels hanging off the edge.  Grasp the handles or the sides of the seat for stability.  Push through the balls of your feet to raise your heels as high as possible.  Pause for a moment at the top, then slowly lower your heels back down to the starting position.  Repeat for the desired number of repetitions.",Endurance,Beginner,0.37
605,lever standing calf raise,lower legs,calves,leverage machine,"soleus, ankle stabilizers","Adjust the machine to your height and stand with your feet shoulder-width apart.  Place your shoulders under the pads and hold onto the handles for stability.  Raise your heels as high as possible by extending your ankles.  Pause for a moment at the top, then slowly lower your heels back down to the starting position.  Repeat for the desired number of repetitions.",Endurance,Intermediate,0.67
501,jack burpee,cardio,cardiovascular system,body weight,"quadriceps, hamstrings, calves, shoulders, triceps, core","Start in a standing position with your feet shoulder-width apart.  Lower your body into a squat position, placing your hands on the ground in front of you.  Kick your feet back, landing in a push-up position.  Perform a push-up, lowering your chest to the ground and then pushing back up.  Jump your feet forward, landing in a squat position.  Jump up explosively, reaching your arms overhead.  Land softly and immediately lower back into the squat position to begin the next repetition.",Cardio,Beginner,0.4
630,mountain climber,cardio,cardiovascular system,body weight,"core, shoulders, triceps","Start in a high plank position with your hands directly under your shoulders and your body in a straight line.  Engage your core and bring your right knee towards your chest, then quickly switch and bring your left knee towards your chest.  Continue alternating legs in a running motion, keeping your hips low and your core engaged.  Maintain a steady pace and breathe evenly throughout the exercise.  Repeat for the desired number of repetitions.",Cardio,Beginner,0.4
684,run (equipment),cardio,cardiovascular system,body weight,"quadriceps, hamstrings, calves","Start by standing upright with your feet hip-width apart.  Engage your core and keep your upper body relaxed.  Begin jogging in place, lifting your knees up towards your chest and landing softly on the balls of your feet.  Maintain a steady pace and continue jogging for the desired duration or distance.  Remember to breathe deeply and maintain good posture throughout the exercise.",Cardio,Beginner,0.4
685,run,cardio,cardiovascular system,body weight,"quadriceps, hamstrings, calves","Start by standing upright with your feet hip-width apart.  Engage your core and keep your upper body relaxed.  Begin jogging in place, lifting your knees up towards your chest and landing softly on the balls of your feet.  Maintain a steady pace and continue jogging for the desired duration or distance.  Remember to breathe deeply and maintain good posture throughout the exercise.",Cardio,Beginner,0.4
798,stationary bike walk,cardio,cardiovascular system,leverage machine,"quadriceps, hamstrings, calves","Adjust the seat height and position on the stationary bike to ensure proper alignment.  Place your feet on the pedals and secure them with the straps if available.  Start pedaling at a comfortable pace, keeping your back straight and core engaged.  Maintain a steady rhythm and increase the resistance level if desired.  Continue pedaling for the desired duration of your cardio workout.  Cool down by gradually reducing your pace and resistance level.  Stretch your leg muscles after the workout to prevent tightness and promote recovery.",Endurance,Beginner,0.42
1160,burpee,cardio,cardiovascular system,body weight,"quadriceps, hamstrings, calves, shoulders, chest","Start in a standing position with your feet shoulder-width apart.  Lower your body into a squat position by bending your knees and placing your hands on the floor in front of you.  Kick your feet back into a push-up position.  Perform a push-up, keeping your body in a straight line.  Jump your feet back into the squat position.  Jump up explosively, reaching your arms overhead.  Land softly and immediately lower back into a squat position to begin the next repetition.",Cardio,Beginner,0.4
1201,dumbbell burpee,cardio,cardiovascular system,dumbbell,"quadriceps, hamstrings, calves, shoulders, triceps, core","Start in a standing position with your feet shoulder-width apart and a dumbbell in each hand.  Lower your body into a squat position, placing the dumbbells on the ground in front of you.  Kick your feet back into a push-up position, keeping your body in a straight line.  Perform a push-up, bending your elbows and lowering your chest towards the ground.  Jump your feet back towards your hands, landing in a squat position.  Stand up explosively, lifting the dumbbells off the ground and bringing them to your shoulders.  Press the dumbbells overhead, fully extending your arms.  Lower the dumbbells back to your shoulders and repeat the entire sequence for the desired number of repetitions.",Cardio,Beginner,0.4
2141,walk elliptical cross trainer,cardio,cardiovascular system,elliptical machine,"quadriceps, hamstrings, glutes, calves","Adjust the resistance level and incline of the elliptical machine to your desired settings.  Step onto the pedals of the machine and grip the handles lightly.  Begin by pushing down with your feet and pulling the handles towards your body.  Continue this motion, alternating between pushing and pulling, to simulate a walking or running motion.  Maintain a steady pace and keep your core engaged throughout the exercise.  Continue for the desired duration of your cardio workout.  Gradually decrease the intensity and speed of the machine before stepping off.",Endurance,Beginner,0.4
2311,walking on stepmill,cardio,cardiovascular system,stepmill machine,"quadriceps, hamstrings, glutes, calves","Adjust the stepmill machine to a comfortable level.  Step onto the machine and place your hands on the handrails for support.  Start walking by placing one foot on a step and then the other, alternating between legs.  Maintain an upright posture and engage your core muscles.  Continue walking for the desired duration or distance.  Gradually increase the intensity or speed as you become more comfortable with the exercise.  Remember to cool down and stretch after completing the exercise.",Endurance,Beginner,0.4
41,barbell front raise,shoulders,delts,barbell,"biceps, triceps","Stand with your feet shoulder-width apart and hold a barbell in front of your thighs with an overhand grip.  Keep your arms straight and lift the barbell forward and upward until it reaches shoulder level.  Pause for a moment at the top, then slowly lower the barbell back down to the starting position.  Repeat for the desired number of repetitions.",Strength,Intermediate,0.73
67,barbell one arm snatch,shoulders,delts,barbell,"traps, forearms, core","Stand with your feet shoulder-width apart, toes pointing slightly outwards.  Hold the barbell with an overhand grip, hands slightly wider than shoulder-width apart.  Bend your knees and lower your hips into a squat position, keeping your back straight and chest up.  Explosively extend your hips, knees, and ankles, driving the barbell upwards.  As the barbell reaches chest level, pull it upwards with your arm, keeping it close to your body.  Rotate your elbow under the barbell and extend your arm fully overhead, locking out your elbow.  Lower the barbell back down to the starting position in a controlled manner.  Repeat for the desired number of repetitions, then switch arms.",Strength,Advanced,0.98
75,barbell rear delt raise,shoulders,delts,barbell,"traps, rhomboids","Stand with your feet shoulder-width apart and hold a barbell with an overhand grip, palms facing down.  Bend your knees slightly and hinge forward at the hips, keeping your back straight.  Raise the barbell out to the sides, keeping your arms straight, until they are parallel to the ground.  Pause for a moment at the top, then slowly lower the barbell back to the starting position.  Repeat for the desired number of repetitions.",Strength,Intermediate,0.73
76,barbell rear delt row,shoulders,delts,barbell,"trapezius, rhomboids, biceps","Stand with your feet shoulder-width apart and knees slightly bent.  Hold a barbell with an overhand grip, hands slightly wider than shoulder-width apart.  Bend forward at the hips, keeping your back straight and chest up.  Pull the barbell towards your chest, squeezing your shoulder blades together.  Pause for a moment at the top, then slowly lower the barbell back to the starting position.  Repeat for the desired number of repetitions.",Strength,Intermediate,0.73
86,barbell seated behind head military press,shoulders,delts,barbell,"triceps, upper back","Sit on a bench with your back straight and feet flat on the ground.  Hold the barbell with an overhand grip, slightly wider than shoulder-width apart.  Lift the barbell off the rack and bring it down to shoulder level, behind your head.  Press the barbell upward until your arms are fully extended.  Lower the barbell back down to the starting position.  Repeat for the desired number of repetitions.",Strength,Beginner,0.43
87,barbell seated bradford rocky press,shoulders,delts,barbell,"triceps, upper back","Sit on a bench with your back straight and feet flat on the ground.  Hold the barbell with an overhand grip, slightly wider than shoulder-width apart.  Lift the barbell to shoulder height, keeping your elbows slightly bent and pointing forward.  Press the barbell overhead, fully extending your arms.  Lower the barbell back to shoulder height and repeat for the desired number of repetitions.",Strength,Beginner,0.43
91,barbell seated overhead press,shoulders,delts,barbell,"triceps, upper back","Sit on a bench with your back straight and feet flat on the ground.  Hold the barbell with an overhand grip, slightly wider than shoulder-width apart.  Lift the barbell off the rack and bring it to shoulder level, with your elbows bent and palms facing forward.  Press the barbell overhead by extending your arms fully.  Pause for a moment at the top, then slowly lower the barbell back to shoulder level.  Repeat for the desired number of repetitions.",Strength,Beginner,0.43
100,barbell skier,shoulders,delts,barbell,"triceps, core","Stand with your feet shoulder-width apart and hold a barbell in front of your thighs with an overhand grip.  Bend your knees slightly and hinge forward at the hips, keeping your back straight and chest up.  Simultaneously lift the barbell up towards your shoulders while jumping slightly off the ground.  As you reach the top of the movement, quickly reverse the motion and lower the barbell back down to the starting position.  Repeat for the desired number of repetitions.",Strength,Intermediate,0.73
105,barbell standing bradford press,shoulders,delts,barbell,"triceps, upper back","Stand with your feet shoulder-width apart and hold the barbell in front of your shoulders with an overhand grip.  Press the barbell overhead, fully extending your arms.  Lower the barbell back down to the starting position.  Repeat for the desired number of repetitions.",Strength,Intermediate,0.73
107,barbell standing front raise over head,shoulders,delts,barbell,"triceps, upper back","Stand with your feet shoulder-width apart, holding a barbell in front of your thighs with an overhand grip.  Keep your back straight and engage your core.  Slowly raise the barbell in front of you, keeping your arms straight and your palms facing down.  Continue lifting until the barbell is slightly above shoulder level.  Pause for a moment at the top, then slowly lower the barbell back down to the starting position.  Repeat for the desired number of repetitions.",Strength,Intermediate,0.73
82,barbell reverse wrist curl,lower arms,forearms,barbell,"biceps, brachialis","Sit on a bench with your feet flat on the ground and hold a barbell with an overhand grip, palms facing down.  Rest your forearms on your thighs, allowing your wrists to hang off the edge.  Slowly curl your wrists upward, bringing the barbell towards your body.  Pause for a moment at the top, then slowly lower the barbell back down to the starting position.  Repeat for the desired number of repetitions.",Strength,Intermediate,0.73
104,barbell standing back wrist curl,lower arms,forearms,barbell,"biceps, shoulders","Stand up straight with your feet shoulder-width apart and hold a barbell with an overhand grip.  Rest the barbell on the back of your hands with your palms facing down and your fingers pointing towards your body.  Keeping your upper arms stationary, exhale and curl your wrists upwards as far as possible.  Hold the contracted position for a brief pause, then inhale and slowly lower the barbell back to the starting position.  Repeat for the desired number of repetitions.",Strength,Intermediate,0.73
126,barbell wrist curl,lower arms,forearms,barbell,"biceps, brachialis","Sit on a bench with your feet flat on the ground and your forearms resting on your thighs, holding a barbell with an underhand grip.  Allow the barbell to roll down to your fingertips, keeping your wrists straight.  Slowly curl the barbell up towards your forearms by flexing your wrists.  Pause for a moment at the top, then slowly lower the barbell back down to the starting position.  Repeat for the desired number of repetitions.",Strength,Intermediate,0.73
210,cable reverse wrist curl,lower arms,forearms,cable,"forearms, wrists","Attach a cable to a low pulley and sit on a bench facing the cable machine.  Grasp the cable handle with an overhand grip, palms facing down.  Rest your forearms on your thighs, with your wrists hanging off the edge.  Keeping your forearms stationary, exhale and curl your wrists upward as far as possible.  Pause for a moment at the top, then inhale and slowly lower your wrists back down to the starting position.  Repeat for the desired number of repetitions.",Strength,Intermediate,0.67
224,cable standing back wrist curl,lower arms,forearms,cable,"biceps, brachialis","Stand facing a cable machine with your feet shoulder-width apart.  Hold the cable handle with an overhand grip, palms facing down.  Keep your arms straight and your elbows close to your sides.  Slowly curl your wrists upward, bringing the cable handle towards your body.  Pause for a moment at the top, then slowly lower the cable handle back to the starting position.  Repeat for the desired number of repetitions.",Strength,Intermediate,0.67
247,cable wrist curl,lower arms,forearms,cable,"biceps, brachialis","Attach a straight bar to a low pulley cable machine.  Stand facing the machine with your feet shoulder-width apart.  Grasp the bar with an underhand grip, palms facing up, and your hands shoulder-width apart.  Rest your forearms on a bench or pad, with your wrists hanging off the edge.  Keeping your forearms stationary, exhale and curl your wrists upward as far as possible.  Pause for a moment at the top, then inhale and slowly lower the bar back to the starting position.  Repeat for the desired number of repetitions.",Strength,Intermediate,0.67
347,dumbbell lying pronation,lower arms,forearms,dumbbell,"biceps, shoulders","Lie flat on a bench with your chest facing down and your arms extended straight down, holding a dumbbell in each hand.  Rotate your palms so they are facing up.  Keeping your upper arms stationary, exhale and curl the dumbbells as you rotate your palms to face down.  Inhale and slowly lower the dumbbells back to the starting position.  Repeat for the desired number of repetitions.",Strength,Beginner,0.35
349,dumbbell lying supination,lower arms,forearms,dumbbell,"biceps, shoulders","Lie flat on a bench with your feet flat on the ground.  Hold a dumbbell in each hand with your palms facing up and your arms fully extended.  Keeping your upper arms stationary, curl the dumbbells towards your shoulders by contracting your forearms.  Pause for a moment at the top, then slowly lower the dumbbells back to the starting position.  Repeat for the desired number of repetitions.",Strength,Beginner,0.35
29,barbell clean-grip front squat,upper legs,glutes,barbell,"quadriceps, hamstrings, calves, core","Start by standing with your feet shoulder-width apart and the barbell resting on your upper chest, with your elbows pointing forward.  Lower your body by bending your knees and pushing your hips back, as if you are sitting back into a chair.  Keep your chest up and your back straight as you lower down, making sure your knees do not go past your toes.  Continue lowering until your thighs are parallel to the ground, or as low as you can comfortably go.  Pause for a moment at the bottom, then push through your heels to stand back up, extending your hips and knees.  Repeat for the desired number of repetitions.",Strength,Advanced,0.98
32,barbell deadlift,upper legs,glutes,barbell,"hamstrings, lower back","Stand with your feet shoulder-width apart and the barbell on the ground in front of you.  Bend your knees and hinge at the hips to lower your torso and grip the barbell with an overhand grip, hands slightly wider than shoulder-width apart.  Keep your back straight and chest lifted as you drive through your heels to lift the barbell off the ground, extending your hips and knees.  As you stand up straight, squeeze your glutes and keep your core engaged.  Lower the barbell back down to the ground by bending at the hips and knees, keeping your back straight.  Repeat for the desired number of repetitions.",Strength,Intermediate,0.73
39,barbell front chest squat,upper legs,glutes,barbell,"quadriceps, hamstrings, calves, core","Start by standing with your feet shoulder-width apart, toes slightly turned out.  Hold the barbell in front of your chest with your hands shoulder-width apart, elbows pointing forward.  Engage your core and keep your chest up as you lower your body down into a squat position, pushing your hips back and bending your knees.  Lower until your thighs are parallel to the ground, or as low as you can comfortably go.  Pause for a moment at the bottom, then push through your heels to return to the starting position.  Repeat for the desired number of repetitions.",Strength,Intermediate,0.73
42,barbell front squat,upper legs,glutes,barbell,"quadriceps, hamstrings, calves, core","Start by standing with your feet shoulder-width apart, toes slightly turned out.  Hold the barbell in front of your shoulders, resting it on your collarbone and shoulders.  Engage your core and keep your chest up as you lower your body down into a squat position, pushing your hips back and bending your knees.  Lower until your thighs are parallel to the ground, or as low as you can comfortably go.  Pause for a moment at the bottom, then push through your heels to return to the starting position.  Repeat for the desired number of repetitions.",Strength,Intermediate,0.73
43,barbell full squat,upper legs,glutes,barbell,"quadriceps, hamstrings, calves, core","Stand with your feet shoulder-width apart, toes slightly turned out.  Hold the barbell across your upper back, resting it on your traps or rear delts.  Engage your core and keep your chest up as you begin to lower your body down.  Bend at the knees and hips, pushing your hips back and down as if sitting into a chair.  Lower yourself until your thighs are parallel to the ground or slightly below.  Keep your knees in line with your toes and your weight in your heels.  Drive through your heels to stand back up, extending your hips and knees.  Repeat for the desired number of repetitions.",Strength,Intermediate,0.73
46,barbell hack squat,upper legs,glutes,barbell,"quadriceps, hamstrings, calves","Start by standing with your feet shoulder-width apart and your toes slightly turned out.  Hold the barbell behind your legs, resting it on your upper thighs.  Lower your body by bending at the knees and hips, keeping your back straight and your chest up.  Continue lowering until your thighs are parallel to the ground, or as low as you can comfortably go.  Pause for a moment, then push through your heels to return to the starting position.  Repeat for the desired number of repetitions.",Strength,Intermediate,0.73
51,barbell jefferson squat,upper legs,glutes,barbell,"quadriceps, hamstrings, calves","Stand with your feet shoulder-width apart and toes slightly turned out.  Hold the barbell with an overhand grip, resting it on the front of your body, just below your waist.  Step your left foot forward and your right foot back, keeping your feet shoulder-width apart.  Bend your knees and lower your body down into a squat position, keeping your back straight and chest up.  Push through your heels to stand back up to the starting position.  Repeat the movement, alternating your forward and back foot with each repetition.",Strength,Intermediate,0.73
53,barbell jump squat,upper legs,glutes,barbell,"quadriceps, hamstrings, calves","Start by standing with your feet shoulder-width apart, holding a barbell across your upper back.  Lower your body into a squat position by bending your knees and pushing your hips back.  Once you reach the bottom of the squat, explode upwards by jumping off the ground.  As you jump, extend your hips, knees, and ankles, pushing through your toes.  Land softly back into the squat position and immediately repeat the movement for the desired number of repetitions.",Strength,Intermediate,0.73
54,barbell lunge,upper legs,glutes,barbell,"quadriceps, hamstrings, calves","Start by standing with your feet shoulder-width apart and a barbell resting on your upper back.  Take a step forward with your right foot, keeping your torso upright.  Lower your body by bending your right knee until your thigh is parallel to the ground.  Push through your right heel to return to the starting position.  Repeat with your left leg, alternating legs for the desired number of repetitions.",Endurance,Intermediate,0.73
58,barbell lying lifting (on hip),upper legs,glutes,barbell,"hamstrings, quadriceps","Lie flat on your back on a bench with your feet flat on the ground and your knees bent.  Hold the barbell with an overhand grip and position it on your hips.  Engaging your glutes, lift your hips off the bench until your body forms a straight line from your knees to your shoulders.  Pause for a moment at the top, then slowly lower your hips back down to the starting position.  Repeat for the desired number of repetitions.",Strength,Beginner,0.43
16,assisted prone hamstring,upper legs,hamstrings,assisted,"glutes, lower back","Lie face down on a mat or bench with your legs fully extended.  Have a partner or use a resistance band to secure your ankles.  Engage your hamstrings and lift your legs towards your glutes, keeping your knees straight.  Pause for a moment at the top, then slowly lower your legs back down to the starting position.  Repeat for the desired number of repetitions.",Strength,Beginner,0.3
44,barbell good morning,upper legs,hamstrings,barbell,lower back,"Start by standing with your feet shoulder-width apart and the barbell resting on your upper back.  Keeping your back straight and your core engaged, hinge forward at the hips, pushing your buttocks back as if you were trying to touch the wall behind you with your glutes.  Lower your torso until it is parallel to the ground, feeling a stretch in your hamstrings.  Pause for a moment, then return to the starting position by squeezing your glutes and pushing your hips forward.  Repeat for the desired number of repetitions.",Strength,Intermediate,0.73
116,barbell straight leg deadlift,upper legs,hamstrings,barbell,"glutes, lower back","Stand with your feet shoulder-width apart and your toes pointing forward.  Hold the barbell with an overhand grip, hands slightly wider than shoulder-width apart.  Bend at your hips and lower the barbell towards the ground, keeping your back straight and your knees slightly bent.  Lower the barbell until you feel a stretch in your hamstrings.  Engage your hamstrings and glutes to lift the barbell back up to the starting position.  Repeat for the desired number of repetitions.",Endurance,Intermediate,0.73
339,dumbbell lying femoral,upper legs,hamstrings,dumbbell,glutes,"Lie flat on your back with your legs extended and a dumbbell resting on your lower abdomen.  Bend your knees and bring the dumbbell towards your glutes, keeping your feet flat on the ground.  Pause for a moment at the top, then slowly lower the dumbbell back to the starting position.  Repeat for the desired number of repetitions.",Strength,Beginner,0.35
496,inverse leg curl (bench support),upper legs,hamstrings,body weight,"glutes, calves","Lie face down on a bench with your hips at the edge and your legs extended straight behind you.  Hold onto the bench for support.  Keeping your upper body still, bend your knees and curl your legs towards your glutes.  Pause for a moment at the top, then slowly extend your legs back to the starting position.  Repeat for the desired number of repetitions.",Strength,Beginner,0.35
535,kettlebell hang clean,upper legs,hamstrings,kettlebell,"glutes, quadriceps, calves","Stand with your feet shoulder-width apart, holding a kettlebell in front of your thighs.  Bend your knees slightly and hinge forward at the hips, keeping your back straight.  Lower the kettlebell towards the ground, allowing it to swing between your legs.  Quickly extend your hips and knees, using the momentum to swing the kettlebell up to shoulder height.  As the kettlebell reaches shoulder height, rotate your wrists and catch the kettlebell in the rack position, with your elbow tucked in and the kettlebell resting on your forearm.  Lower the kettlebell back down to the starting position between your legs, and repeat for the desired number of repetitions.",Strength,Intermediate,0.7
555,kick out sit,upper legs,hamstrings,body weight,"quadriceps, glutes","Sit on the edge of a bench or chair with your feet flat on the ground and your knees bent at a 90-degree angle.  Lean back slightly and place your hands on the edge of the bench or chair for support.  Engaging your hamstrings, lift your feet off the ground and extend your legs straight out in front of you.  Pause for a moment at the top, then slowly bend your knees and bring your feet back towards your body.  Repeat for the desired number of repetitions.",Strength,Beginner,0.35
582,lever kneeling leg curl,upper legs,hamstrings,leverage machine,glutes,"Adjust the machine to fit your body and select the desired weight.  Kneel on the machine facing downwards, with your knees resting on the pad and your feet secured under the footpads.  Grasp the handles or the sides of the machine for stability.  Keeping your upper body stationary, exhale and curl your legs up towards your glutes by flexing your knees.  Pause for a moment at the top of the movement, squeezing your hamstrings.  Inhale and slowly lower your legs back to the starting position, fully extending your knees.  Repeat for the desired number of repetitions.",Strength,Intermediate,0.67
586,lever lying leg curl,upper legs,hamstrings,leverage machine,calves,"Adjust the machine to fit your body and select the desired weight.  Lie face down on the machine with your legs straight and your heels against the padded lever.  Grasp the handles or the sides of the machine for stability.  Keeping your upper body stationary, exhale and curl your legs up as far as possible without lifting your hips off the pad.  Hold the contracted position for a brief pause as you squeeze your hamstrings.  Inhale and slowly lower the lever back to the starting position.  Repeat for the desired number of repetitions.",Strength,Beginner,0.37
599,lever seated leg curl,upper legs,hamstrings,leverage machine,calves,"Adjust the machine to fit your body and sit on it with your back against the backrest.  Place your lower legs under the padded lever, just above your ankles.  Grasp the handles on the sides of the machine for support.  Keeping your upper legs stationary, exhale and curl your legs up as far as possible.  Hold the contracted position for a brief pause as you squeeze your hamstrings.  Inhale and slowly lower the lever back to the starting position.  Repeat for the desired number of repetitions.",Strength,Beginner,0.37
7,alternate lateral pulldown,back,lats,cable,"biceps, rhomboids","Sit on the cable machine with your back straight and feet flat on the ground.  Grasp the handles with an overhand grip, slightly wider than shoulder-width apart.  Lean back slightly and pull the handles towards your chest, squeezing your shoulder blades together.  Pause for a moment at the peak of the movement, then slowly release the handles back to the starting position.  Repeat for the desired number of repetitions.",Strength,Intermediate,0.67
15,assisted parallel close grip pull-up,back,lats,leverage machine,"biceps, forearms","Adjust the machine to your desired weight and height.  Place your hands on the parallel bars with a close grip, palms facing each other.  Hang from the bars with your arms fully extended and your feet off the ground.  Engage your back muscles and pull your body up towards the bars, keeping your elbows close to your body.  Continue pulling until your chin is above the bars.  Pause for a moment at the top, then slowly lower your body back down to the starting position.  Repeat for the desired number of repetitions.",Strength,Beginner,0.37
17,assisted pull-up,back,lats,leverage machine,"biceps, forearms","Adjust the machine to your desired weight and height settings.  Grasp the handles with an overhand grip, slightly wider than shoulder-width apart.  Hang with your arms fully extended and your feet off the ground.  Engage your back muscles and pull your body up towards the handles, keeping your elbows close to your body.  Continue pulling until your chin is above the handles.  Pause for a moment at the top, then slowly lower your body back down to the starting position.  Repeat for the desired number of repetitions.",Strength,Beginner,0.37
22,barbell pullover to press,back,lats,barbell,"triceps, chest, shoulders","Lie flat on a bench with your head at one end and your feet on the ground.  Hold the barbell with a pronated grip (palms facing away from you) and extend your arms straight above your chest.  Keeping your arms straight, lower the barbell behind your head in an arc-like motion until you feel a stretch in your lats.  Pause for a moment, then reverse the motion and press the barbell back to the starting position above your chest.  Repeat for the desired number of repetitions.",Strength,Intermediate,0.73
34,barbell decline bent arm pullover,back,lats,barbell,"triceps, chest","Lie down on a decline bench with your head lower than your hips and your feet secured.  Hold a barbell with a pronated grip (palms facing away from you) and extend your arms straight above your chest.  Lower the barbell behind your head in a controlled manner, keeping your arms slightly bent.  Pause for a moment, then raise the barbell back to the starting position by contracting your lats.  Repeat for the desired number of repetitions.",Strength,Intermediate,0.73
37,barbell decline wide-grip pullover,back,lats,barbell,"triceps, chest","Lie on a decline bench with your head lower than your hips and your feet secured.  Hold a barbell with a wide grip and extend your arms straight above your chest.  Lower the barbell behind your head in a controlled manner, keeping your arms straight.  Pause for a moment, then raise the barbell back to the starting position.  Repeat for the desired number of repetitions.",Strength,Intermediate,0.73
73,barbell pullover,back,lats,barbell,"chest, triceps","Lie flat on a bench with your head at one end and your feet on the floor.  Hold a barbell with a shoulder-width grip and extend your arms straight above your chest.  Keeping your arms straight, lower the barbell behind your head in a controlled manner until you feel a stretch in your lats.  Pause for a moment, then raise the barbell back to the starting position.  Repeat for the desired number of repetitions.",Strength,Intermediate,0.73
150,cable bar lateral pulldown,back,lats,cable,"biceps, rhomboids, rear deltoids","Adjust the cable pulley to a high position and attach a straight bar.  Sit facing the cable machine with your feet flat on the ground and your knees slightly bent.  Grasp the bar with an overhand grip, slightly wider than shoulder-width apart.  Lean back slightly and keep your chest up, maintaining a slight arch in your lower back.  Pull the bar down towards your chest, leading with your elbows and squeezing your shoulder blades together.  Pause for a moment at the bottom of the movement, then slowly return the bar to the starting position.  Repeat for the desired number of repetitions.",Strength,Intermediate,0.67
153,cable cross-over lateral pulldown,back,lats,cable,"biceps, rhomboids, rear deltoids","Attach a cable handle to each side of a cable machine at shoulder height.  Stand in the middle of the machine with your feet shoulder-width apart.  Grasp the handles with an overhand grip and step back to create tension in the cables.  Lean forward slightly from the hips, keeping your back straight and your chest up.  Pull the handles down and across your body, squeezing your shoulder blades together.  Pause for a moment at the bottom of the movement, then slowly return to the starting position.  Repeat for the desired number of repetitions.",Strength,Intermediate,0.67
172,cable incline pushdown,back,lats,cable,"triceps, shoulders","Attach a straight bar to a high pulley cable machine.  Stand facing away from the machine with your feet shoulder-width apart.  Grasp the bar with an overhand grip, hands slightly wider than shoulder-width apart.  Lean forward slightly and keep your back straight.  Pull the bar down towards your thighs by extending your elbows.  Pause for a moment at the bottom, then slowly return the bar to the starting position.  Repeat for the desired number of repetitions.",Strength,Intermediate,0.67
716,side push neck stretch,neck,levator scapulae,body weight,"trapezius, sternocleidomastoid","Stand or sit up straight with your shoulders relaxed.  Tilt your head to the right, bringing your right ear towards your right shoulder.  Place your right hand on the left side of your head and gently apply pressure to increase the stretch.  Hold the stretch for 15-30 seconds.  Repeat on the other side, tilting your head to the left and applying pressure with your left hand.  Repeat the stretch 2-3 times on each side.",Flexibility,Beginner,0.2
1403,neck side stretch,neck,levator scapulae,body weight,"trapezius, sternocleidomastoid","Stand or sit up straight with your shoulders relaxed.  Tilt your head to one side, bringing your ear towards your shoulder.  Hold the stretch for 15-30 seconds.  Repeat on the other side.  Perform 2-4 sets on each side.",Flexibility,Beginner,0.2
9,assisted chest dip (kneeling),chest,pectorals,leverage machine,"triceps, shoulders","Adjust the machine to your desired height and secure your knees on the pad.  Grasp the handles with your palms facing down and your arms fully extended.  Lower your body by bending your elbows until your upper arms are parallel to the floor.  Pause for a moment, then push yourself back up to the starting position.  Repeat for the desired number of repetitions.",Strength,Beginner,0.37
25,barbell bench press,chest,pectorals,barbell,"triceps, shoulders","Lie flat on a bench with your feet flat on the ground and your back pressed against the bench.  Grasp the barbell with an overhand grip slightly wider than shoulder-width apart.  Lift the barbell off the rack and hold it directly above your chest with your arms fully extended.  Lower the barbell slowly towards your chest, keeping your elbows tucked in.  Pause for a moment when the barbell touches your chest.  Push the barbell back up to the starting position by extending your arms.  Repeat for the desired number of repetitions.",Strength,Intermediate,0.73
33,barbell decline bench press,chest,pectorals,barbell,"triceps, shoulders","Lie on a decline bench with your feet secured and your head lower than your hips.  Grasp the barbell with an overhand grip slightly wider than shoulder-width apart.  Unrack the barbell and lower it slowly towards your chest, keeping your elbows tucked in.  Pause for a moment at the bottom, then push the barbell back up to the starting position.  Repeat for the desired number of repetitions.",Strength,Intermediate,0.73
36,barbell decline wide-grip press,chest,pectorals,barbell,"triceps, shoulders","Lie on a decline bench with your feet secured and your head lower than your hips.  Grasp the barbell with a wide grip, slightly wider than shoulder-width apart.  Lower the barbell to your chest, keeping your elbows out to the sides.  Push the barbell back up to the starting position, fully extending your arms.  Repeat for the desired number of repetitions.",Strength,Intermediate,0.73
40,barbell front raise and pullover,chest,pectorals,barbell,"deltoids, triceps","Stand with your feet shoulder-width apart and hold a barbell with an overhand grip, palms facing down.  Keep your arms straight and raise the barbell in front of you until it reaches shoulder height.  Pause for a moment at the top, then slowly lower the barbell back down to the starting position.  Next, lower the barbell behind your head, keeping your arms straight.  Pause for a moment at the bottom, then raise the barbell back up to the starting position.  Repeat for the desired number of repetitions.",Strength,Intermediate,0.73
45,barbell guillotine bench press,chest,pectorals,barbell,"shoulders, triceps","Lie flat on a bench with your feet flat on the ground and your back pressed against the bench.  Grasp the barbell with an overhand grip, slightly wider than shoulder-width apart.  Lower the barbell slowly towards your neck, keeping your elbows pointed outwards.  Pause for a moment when the barbell is just above your neck.  Push the barbell back up to the starting position, fully extending your arms.  Repeat for the desired number of repetitions.",Strength,Intermediate,0.73
47,barbell incline bench press,chest,pectorals,barbell,"shoulders, triceps","Set up an incline bench at a 45-degree angle.  Lie down on the bench with your feet flat on the ground.  Grasp the barbell with an overhand grip, slightly wider than shoulder-width apart.  Unrack the barbell and lower it slowly towards your chest, keeping your elbows at a 45-degree angle.  Pause for a moment at the bottom, then push the barbell back up to the starting position.  Repeat for the desired number of repetitions.",Strength,Intermediate,0.73
122,barbell wide bench press,chest,pectorals,barbell,"shoulders, triceps","Lie flat on a bench with your feet flat on the ground and your back pressed against the bench.  Grasp the barbell with a wide grip, slightly wider than shoulder-width apart.  Lift the barbell off the rack and hold it directly above your chest with your arms fully extended.  Lower the barbell slowly towards your chest, keeping your elbows slightly flared out.  Pause for a moment when the barbell touches your chest, then push it back up to the starting position.  Repeat for the desired number of repetitions.",Strength,Intermediate,0.73
151,cable bench press,chest,pectorals,cable,"triceps, shoulders","Adjust the cable machine to chest height and attach the handles.  Stand facing away from the machine with your feet shoulder-width apart.  Grasp the handles with an overhand grip and step forward to create tension in the cables.  Position your feet firmly on the ground and engage your core.  Bend your elbows and bring your hands to shoulder level, keeping your elbows at a 90-degree angle.  Push the handles forward, extending your arms fully in front of you.  Pause for a moment, then slowly reverse the movement, bringing your hands back to shoulder level.  Repeat for the desired number of repetitions.",Strength,Intermediate,0.67
155,cable cross-over variation,chest,pectorals,cable,"deltoids, triceps","Adjust the cable pulleys to chest height.  Stand in the center of the cable machine with one foot in front of the other.  Grasp the handles with your palms facing down and your arms extended out to the sides.  Take a step forward, keeping your arms slightly bent.  With a slight bend in your elbows, bring your hands together in front of your chest.  Pause for a moment, then slowly return your arms back to the starting position.  Repeat for the desired number of repetitions.",Strength,Intermediate,0.67
20,balance board,upper legs,quads,body weight,"calves, hamstrings, glutes","Place the balance board on a flat surface.  Step onto the balance board with one foot, ensuring it is centered.  Slowly shift your weight onto the foot on the balance board, keeping your core engaged.  Maintain your balance and stability as you hold the position for a desired amount of time.  Repeat the exercise with the other foot.",Strength,Beginner,0.35
24,barbell bench front squat,upper legs,quads,barbell,"hamstrings, glutes, calves","Start by standing with your feet shoulder-width apart and the barbell resting on your upper chest, just below your collarbone.  Hold the barbell with an overhand grip, keeping your elbows up and your upper arms parallel to the ground.  Lower your body down into a squat position by bending at the knees and hips, keeping your back straight and your chest up.  Pause for a moment at the bottom of the squat, then push through your heels to return to the starting position.  Repeat for the desired number of repetitions.",Strength,Intermediate,0.73
26,barbell bench squat,upper legs,quads,barbell,"glutes, hamstrings, calves","Set up a barbell on a squat rack at chest height.  Stand facing away from the rack, with your feet shoulder-width apart.  Bend your knees and lower your body down into a squat position, keeping your back straight and chest up.  Grasp the barbell with an overhand grip, slightly wider than shoulder-width apart.  Lift the barbell off the rack and step back, ensuring your feet are still shoulder-width apart.  Lower your body down into a squat, keeping your knees in line with your toes.  Pause for a moment at the bottom, then push through your heels to return to the starting position.  Repeat for the desired number of repetitions.",Strength,Intermediate,0.73
28,barbell clean and press,upper legs,quads,barbell,"hamstrings, glutes, shoulders, triceps","Stand with your feet shoulder-width apart and the barbell on the floor in front of you.  Bend your knees and hinge at the hips to lower down and grip the barbell with an overhand grip, hands slightly wider than shoulder-width apart.  Drive through your heels and extend your hips and knees to lift the barbell off the floor, keeping it close to your body.  As the barbell reaches your thighs, explosively extend your hips, shrug your shoulders, and pull the barbell up towards your chest.  As the barbell reaches chest height, quickly drop under it and catch it at shoulder level, with your elbows pointing forward and your palms facing up.  From the catch position, press the barbell overhead by extending your arms and pushing the barbell straight up.  Lower the barbell back down to the starting position and repeat for the desired number of repetitions.",Strength,Advanced,0.98
68,barbell one leg squat,upper legs,quads,barbell,"glutes, hamstrings, calves","Stand with your feet shoulder-width apart and hold a barbell across your upper back.  Lift one foot off the ground and extend it forward, keeping it parallel to the ground.  Bend your standing leg and lower your body down as if sitting back into a chair, keeping your chest up and your back straight.  Lower yourself until your thigh is parallel to the ground, then push through your heel to return to the starting position.  Repeat for the desired number of repetitions, then switch legs and repeat.",Strength,Intermediate,0.73
69,barbell overhead squat,upper legs,quads,barbell,"glutes, hamstrings, calves, core","Stand with your feet shoulder-width apart and toes slightly turned out.  Hold the barbell with a wide grip, positioning it overhead with your arms fully extended.  Engage your core and lower your body down into a squat position, keeping your chest up and knees tracking over your toes.  Pause for a moment at the bottom, then push through your heels to return to the starting position.  Repeat for the desired number of repetitions.",Strength,Intermediate,0.73
98,barbell side split squat,upper legs,quads,barbell,"glutes, hamstrings, calves","Stand with your feet wider than shoulder-width apart, toes pointing slightly outward.  Hold a barbell across your upper back, resting it on your traps.  Engage your core and keep your chest up as you lower your body down into a squat position, bending at the knees and hips.  As you lower, push your knees out to the sides and keep your weight on your heels.  Lower until your thighs are parallel to the ground, then push through your heels to return to the starting position.  Repeat for the desired number of repetitions.",Strength,Intermediate,0.73
99,barbell single leg split squat,upper legs,quads,barbell,"glutes, hamstrings, calves","Stand with your feet shoulder-width apart, holding a barbell across your upper back.  Take a large step forward with one leg, keeping your torso upright.  Lower your body by bending your front knee and hip, while keeping your back leg straight.  Continue lowering until your front thigh is parallel to the ground.  Pause for a moment, then push through your front heel to return to the starting position.  Repeat for the desired number of repetitions, then switch legs.",Strength,Intermediate,0.73
102,barbell squat (on knees),upper legs,quads,barbell,"glutes, hamstrings, calves","Start by kneeling on the ground with your knees hip-width apart and your toes pointing forward.  Place a barbell across your shoulders, gripping it with an overhand grip and your hands slightly wider than shoulder-width apart.  Engage your core and keep your chest lifted as you slowly lower your body down by bending your knees, keeping your back straight.  Continue lowering until your thighs are parallel to the ground, or as low as you can comfortably go.  Pause for a moment at the bottom, then push through your heels to return to the starting position.  Repeat for the desired number of repetitions.",Strength,Intermediate,0.73
50,barbell incline shoulder raise,chest,serratus anterior,barbell,"deltoids, trapezius","Set up an incline bench at a 45-degree angle.  Sit on the bench with your back against the pad and feet flat on the ground.  Hold a barbell with an overhand grip, slightly wider than shoulder-width apart.  Lift the barbell up to shoulder height, keeping your elbows slightly bent.  Slowly raise the barbell overhead, extending your arms fully.  Pause for a moment at the top, then slowly lower the barbell back to shoulder height.  Repeat for the desired number of repetitions.",Strength,Intermediate,0.73
328,dumbbell incline shoulder raise,chest,serratus anterior,dumbbell,"deltoids, trapezius","Set an incline bench to a 45-degree angle and sit on it with a dumbbell in each hand, palms facing down.  Rest the dumbbells on your thighs and lean back onto the bench.  Use your thighs to help raise the dumbbells to shoulder height, then rotate your wrists so that your palms are facing forward.  Exhale and slowly raise the dumbbells above your head, keeping a slight bend in your elbows.  Pause for a moment at the top, then inhale and slowly lower the dumbbells back to shoulder height.  Repeat for the desired number of repetitions.",Strength,Beginner,0.35
759,smith incline shoulder raises,chest,serratus anterior,smith machine,"deltoids, trapezius","Adjust the smith machine to an incline position.  Stand facing the machine with your feet shoulder-width apart.  Grasp the bar with an overhand grip, slightly wider than shoulder-width apart.  Keep your back straight and core engaged.  Raise the barbell up towards the ceiling, leading with your elbows.  Pause for a moment at the top, then slowly lower the barbell back down to the starting position.  Repeat for the desired number of repetitions.",Strength,Intermediate,0.65
3011,incline scapula push up,chest,serratus anterior,body weight,"triceps, shoulders","Set up an incline bench at a 45-degree angle.  Place your hands on the bench slightly wider than shoulder-width apart.  Position your feet on the ground, hip-width apart.  Lower your chest towards the bench, keeping your elbows tucked in.  As you lower, retract your shoulder blades, squeezing your scapulae together.  Push through your palms to extend your arms and return to the starting position.  Repeat for the desired number of repetitions.",Strength,Beginner,0.35
3021,scapula push-up,chest,serratus anterior,body weight,"triceps, shoulders","Start in a high plank position with your hands directly under your shoulders and your body in a straight line.  Lower your chest towards the ground, keeping your elbows close to your body.  As you lower, squeeze your shoulder blades together and push your chest forward.  Pause for a moment at the bottom, then push back up to the starting position.  Repeat for the desired number of repetitions.",Strength,Beginner,0.35
488,hyperextension (on bench),back,spine,body weight,"glutes, hamstrings","Adjust the hyperextension bench so that your hips are resting comfortably on the pad and your feet are secured.  Cross your arms over your chest or place your hands behind your head.  Slowly lower your upper body towards the ground while keeping your back straight.  Pause for a moment at the bottom, then raise your upper body back up until it is in line with your legs.  Repeat for the desired number of repetitions.",Flexibility,Beginner,0.2
489,hyperextension,back,spine,body weight,"glutes, hamstrings","Adjust the hyperextension bench so that your upper thighs are resting on the pad and your feet are secured.  Cross your arms over your chest or place your hands behind your head.  Lower your upper body towards the ground while keeping your back straight.  Pause for a moment at the bottom, then raise your upper body back up until it is in line with your legs.  Repeat for the desired number of repetitions.",Flexibility,Beginner,0.2
573,lever back extension,back,spine,leverage machine,"glutes, hamstrings","Adjust the machine to fit your body size and range of motion.  Sit on the machine with your back against the pad and your feet secured.  Place your hands on the handles or grip bars.  Engage your core and slowly lean forward, allowing your back to round slightly.  Pause for a moment at the bottom position, feeling a stretch in your lower back.  Using your back muscles, slowly raise your torso back to the starting position.  Repeat for the desired number of repetitions.",Flexibility,Intermediate,0.52
835,weighted hyperextension (on stability ball),back,spine,weighted,"glutes, hamstrings","Position yourself face down on a stability ball with your hips resting on the ball and your feet against a wall for stability.  Place your hands behind your head or cross them over your chest.  Engage your core and slowly lift your upper body off the ball, extending your back until your body forms a straight line.  Pause for a moment at the top, then slowly lower your upper body back down to the starting position.  Repeat for the desired number of repetitions.",Flexibility,Intermediate,0.5
1010,band straight leg deadlift,back,spine,band,"hamstrings, glutes","Stand with your feet shoulder-width apart and place the band around your feet.  Hold the band with both hands, palms facing your body, and keep your arms straight.  Engage your core and maintain a slight bend in your knees.  Slowly hinge forward at your hips, keeping your back straight and chest lifted.  Lower the band towards the ground while keeping your legs straight.  Pause for a moment at the bottom, then squeeze your glutes and hamstrings to return to the starting position.  Repeat for the desired number of repetitions.",Flexibility,Intermediate,0.5
1314,back extension on exercise ball,back,spine,stability ball,"glutes, hamstrings","Place the stability ball on the ground and lie face down on top of it, with your hips resting on the ball and your feet against a wall or other stable surface.  Position your hands behind your head or crossed over your chest.  Engage your core and slowly lift your upper body off the ball, extending your back until your body forms a straight line from your head to your heels.  Pause for a moment at the top, then slowly lower your upper body back down to the starting position.  Repeat for the desired number of repetitions.",Flexibility,Intermediate,0.5
1333,exercise ball back extension with arms extended,back,spine,stability ball,"glutes, hamstrings","Place the stability ball on the ground and lie face down on top of it, with your hips resting on the ball and your feet against a wall for stability.  Extend your arms straight out in front of you, with your palms facing down.  Engage your core and slowly lift your upper body off the ball, keeping your back straight and your neck in line with your spine.  Pause for a moment at the top, then slowly lower your upper body back down to the starting position.  Repeat for the desired number of repetitions.",Flexibility,Intermediate,0.5
1334,exercise ball back extension with hands behind head,back,spine,stability ball,"glutes, hamstrings","Place the stability ball on the ground and lie face down on top of it with your hips resting on the ball.  Position your feet against a wall or other stable surface for support.  Cross your arms behind your head, with your hands touching the back of your head.  Engage your core and slowly lift your upper body off the ball, extending your back until your body forms a straight line from your head to your hips.  Pause for a moment at the top of the movement, then slowly lower your upper body back down to the starting position.  Repeat for the desired number of repetitions.",Flexibility,Intermediate,0.5
1335,exercise ball back extension with knees off ground,back,spine,stability ball,"glutes, hamstrings","Place the stability ball on the ground and lie face down on top of it, with your hips resting on the ball and your feet against a wall for stability.  Position your hands behind your head or crossed over your chest.  Engage your core and slowly lift your upper body off the ball, extending your back until your body forms a straight line from your head to your heels.  Pause for a moment at the top, then slowly lower your upper body back down to the starting position.  Repeat for the desired number of repetitions.",Flexibility,Intermediate,0.5
1336,exercise ball back extension with rotation,back,spine,stability ball,"glutes, hamstrings","Start by lying face down on the stability ball with your hips resting on the ball and your feet firmly planted on the ground.  Place your hands behind your head or cross them over your chest.  Engage your core and slowly lift your upper body off the ball, extending your back until your body forms a straight line from your head to your heels.  Pause for a moment at the top, then slowly rotate your torso to one side, keeping your hips and legs stable.  Return to the center and repeat the rotation to the other side.  Lower your upper body back down to the starting position and repeat for the desired number of repetitions.",Flexibility,Intermediate,0.5
95,barbell shrug,back,traps,barbell,shoulders,"Stand with your feet shoulder-width apart and hold a barbell in front of you with an overhand grip.  Keep your arms straight and your back straight throughout the exercise.  Lift your shoulders up towards your ears as high as possible, squeezing your traps at the top.  Hold for a moment, then slowly lower your shoulders back down to the starting position.  Repeat for the desired number of repetitions.",Strength,Intermediate,0.73
220,cable shrug,back,traps,cable,shoulders,"Stand facing the cable machine with your feet shoulder-width apart.  Grasp the cable handles with an overhand grip and let your arms hang down in front of you.  Keeping your arms straight, shrug your shoulders up towards your ears.  Hold the contraction for a moment, then slowly lower your shoulders back down to the starting position.  Repeat for the desired number of repetitions.",Strength,Intermediate,0.67
305,dumbbell decline shrug,back,traps,dumbbell,"shoulders, rhomboids","Set up a decline bench at a 45-degree angle.  Lie face down on the bench with your chest and stomach resting against it.  Hold a dumbbell in each hand with your arms fully extended towards the floor.  Keeping your arms straight, raise your shoulders towards your ears as high as possible.  Hold the contraction for a moment, then slowly lower the dumbbells back to the starting position.  Repeat for the desired number of repetitions.",Strength,Beginner,0.35
329,dumbbell incline shrug,back,traps,dumbbell,shoulders,"Set an incline bench to a 45-degree angle and sit on it with a dumbbell in each hand.  Place your feet flat on the ground and let your arms hang straight down with your palms facing your body.  Keeping your arms straight, shrug your shoulders up towards your ears as high as possible.  Hold the contraction for a moment, then slowly lower your shoulders back down to the starting position.  Repeat for the desired number of repetitions.",Strength,Beginner,0.35
406,dumbbell shrug,back,traps,dumbbell,shoulders,"Stand with your feet shoulder-width apart and hold a dumbbell in each hand with your palms facing your body.  Keep your arms straight and let the dumbbells hang by your sides.  Raise your shoulders as high as possible, as if you are trying to touch your ears with your shoulders.  Hold the contraction for a second, then slowly lower your shoulders back down to the starting position.  Repeat for the desired number of repetitions.",Strength,Beginner,0.35
548,kettlebell sumo high pull,back,traps,kettlebell,"shoulders, glutes, hamstrings","Stand with your feet wider than shoulder-width apart, toes pointing outwards.  Hold a kettlebell with both hands in front of your body, arms extended downwards.  Bend your knees and lower your hips into a squat position, keeping your back straight.  Drive through your heels and explosively extend your hips and knees, pulling the kettlebell up towards your chin.  As you pull the kettlebell up, keep your elbows high and wide, and squeeze your shoulder blades together.  Lower the kettlebell back down to the starting position and repeat for the desired number of repetitions.",Strength,Intermediate,0.7
580,lever gripless shrug,back,traps,leverage machine,"shoulders, forearms","Adjust the seat height and position yourself on the leverage machine.  Grasp the handles with your palms facing inwards and your arms fully extended.  Keeping your back straight, exhale and elevate your shoulders as high as possible.  Hold the contraction for a brief moment, then inhale and slowly lower your shoulders back down to the starting position.  Repeat for the desired number of repetitions.",Strength,Intermediate,0.67
604,lever shrug,back,traps,leverage machine,shoulders,"Adjust the seat height and position yourself on the leverage machine with your back against the pad.  Grasp the handles with an overhand grip and keep your arms straight.  Keeping your back straight, lift your shoulders up towards your ears as high as possible.  Hold the contraction for a moment, then slowly lower your shoulders back down to the starting position.  Repeat for the desired number of repetitions.",Strength,Intermediate,0.67
688,scapular pull-up,back,traps,body weight,"biceps, rhomboids, rear deltoids","Start by hanging from a pull-up bar with your palms facing away from you and your arms fully extended.  Retract your shoulder blades by pulling them down and back.  Engage your back muscles and pull your body up towards the bar, focusing on squeezing your shoulder blades together.  Pause for a moment at the top of the movement, then slowly lower your body back down to the starting position.  Repeat for the desired number of repetitions.",Strength,Beginner,0.35
18,assisted standing triceps extension (with towel),upper arms,triceps,assisted,shoulders,"Stand with your feet shoulder-width apart and hold a towel with both hands behind your head.  Keep your elbows close to your ears and your upper arms stationary.  Slowly extend your forearms upward, squeezing your triceps at the top.  Pause for a moment, then slowly lower the towel back down to the starting position.  Repeat for the desired number of repetitions.",Flexibility,Beginner,0.15
19,assisted triceps dip (kneeling),upper arms,triceps,leverage machine,"chest, shoulders","Adjust the machine to your desired weight and height.  Kneel down on the pad facing the machine, with your hands gripping the handles.  Lower your body by bending your elbows, keeping your back straight and close to the machine.  Pause for a moment at the bottom, then push yourself back up to the starting position.  Repeat for the desired number of repetitions.",Strength,Beginner,0.37
30,barbell close-grip bench press,upper arms,triceps,barbell,"chest, shoulders","Lie flat on a bench with your feet flat on the ground and your back pressed against the bench.  Grasp the barbell with a close grip, slightly narrower than shoulder-width apart.  Unrack the barbell and lower it slowly towards your chest, keeping your elbows close to your body.  Pause for a moment when the barbell touches your chest.  Push the barbell back up to the starting position, fully extending your arms.  Repeat for the desired number of repetitions.",Strength,Intermediate,0.73
35,barbell decline close grip to skull press,upper arms,triceps,barbell,"chest, shoulders","Lie on a decline bench with your head lower than your feet and hold a barbell with a close grip.  Lower the barbell towards your forehead by bending your elbows, keeping your upper arms stationary.  Pause for a moment, then extend your arms to press the barbell back up to the starting position.  Repeat for the desired number of repetitions.",Strength,Intermediate,0.73
48,barbell incline reverse-grip press,upper arms,triceps,barbell,"chest, shoulders","Set up an incline bench at a 45-degree angle.  Lie back on the bench and grasp the barbell with a reverse grip, hands slightly wider than shoulder-width apart.  Unrack the barbell and lower it towards your upper chest, keeping your elbows tucked in.  Pause for a moment at the bottom, then push the barbell back up to the starting position.  Repeat for the desired number of repetitions.",Strength,Intermediate,0.73
52,barbell jm bench press,upper arms,triceps,barbell,"chest, shoulders","Lie flat on a bench with your feet flat on the ground and your back pressed against the bench.  Grasp the barbell with an overhand grip, slightly wider than shoulder-width apart.  Lower the barbell to your chest, keeping your elbows tucked in close to your body.  Push the barbell back up to the starting position, fully extending your arms.  Repeat for the desired number of repetitions.",Strength,Intermediate,0.73
55,barbell lying close-grip press,upper arms,triceps,barbell,"chest, shoulders","Lie flat on a bench with your feet flat on the ground and your back pressed against the bench.  Grasp the barbell with a close grip, hands shoulder-width apart, palms facing towards your feet.  Lift the barbell off the rack and hold it directly above your chest with your arms fully extended.  Slowly lower the barbell towards your chest, keeping your elbows close to your body.  Pause for a moment when the barbell touches your chest, then push it back up to the starting position.  Repeat for the desired number of repetitions.",Strength,Beginner,0.43
56,barbell lying close-grip triceps extension,upper arms,triceps,barbell,shoulders,"Lie flat on a bench with your feet flat on the ground and your head at the end of the bench.  Grasp the barbell with a close grip, hands shoulder-width apart, palms facing up.  Extend your arms fully, lifting the barbell above your chest.  Keeping your upper arms stationary, slowly lower the barbell towards your forehead by bending your elbows.  Pause for a moment at the bottom, then extend your arms back to the starting position.  Repeat for the desired number of repetitions.",Flexibility,Beginner,0.28
57,barbell lying extension,upper arms,triceps,barbell,shoulders,"Lie flat on a bench with your feet flat on the ground and your head at the end of the bench.  Hold the barbell with an overhand grip, hands shoulder-width apart, and extend your arms straight up over your chest.  Keeping your upper arms stationary, slowly lower the barbell towards your forehead by bending your elbows.  Pause for a moment, then extend your arms back up to the starting position.  Repeat for the desired number of repetitions.",Flexibility,Beginner,0.28
60,barbell lying triceps extension skull crusher,upper arms,triceps,barbell,shoulders,"Lie flat on a bench with your feet flat on the ground and your head at the end of the bench.  Hold the barbell with an overhand grip, hands shoulder-width apart, and extend your arms straight up over your chest.  Keeping your upper arms stationary, slowly lower the barbell towards your forehead by bending your elbows.  Pause for a moment when the barbell is just above your forehead, then extend your arms back up to the starting position.  Repeat for the desired number of repetitions.",Flexibility,Beginner,0.28
27,barbell bent over row,back,upper back,barbell,"biceps, forearms","Stand with your feet shoulder-width apart and knees slightly bent.  Bend forward at the hips while keeping your back straight and chest up.  Grasp the barbell with an overhand grip, hands slightly wider than shoulder-width apart.  Pull the barbell towards your lower chest by retracting your shoulder blades and squeezing your back muscles.  Pause for a moment at the top, then slowly lower the barbell back to the starting position.  Repeat for the desired number of repetitions.",Strength,Intermediate,0.73
49,barbell incline row,back,upper back,barbell,"biceps, forearms","Set up an incline bench at a 45-degree angle.  Lie face down on the bench with your chest against the pad and your feet flat on the ground.  Grasp the barbell with an overhand grip, slightly wider than shoulder-width apart.  Keep your back straight and your core engaged.  Pull the barbell towards your chest, squeezing your shoulder blades together.  Pause for a moment at the top, then slowly lower the barbell back to the starting position.  Repeat for the desired number of repetitions.",Strength,Intermediate,0.73
64,barbell one arm bent over row,back,upper back,barbell,"biceps, forearms","Stand with your feet shoulder-width apart, knees slightly bent, and hold a barbell with one hand using an overhand grip.  Bend forward at the hips, keeping your back straight and your head in a neutral position.  Pull the barbell up towards your chest, keeping your elbow close to your body and squeezing your shoulder blades together.  Lower the barbell back down to the starting position in a controlled manner.  Repeat for the desired number of repetitions, then switch to the other arm.",Strength,Intermediate,0.73
118,barbell reverse grip bent over row,back,upper back,barbell,"biceps, forearms","Stand with your feet shoulder-width apart and knees slightly bent.  Hold a barbell with an overhand grip, palms facing down, and hands slightly wider than shoulder-width apart.  Bend forward at the hips, keeping your back straight and chest up, until your torso is almost parallel to the floor.  Pull the barbell towards your lower chest, squeezing your shoulder blades together.  Pause for a moment at the top, then slowly lower the barbell back to the starting position.  Repeat for the desired number of repetitions.",Strength,Intermediate,0.73
159,cable decline seated wide-grip row,back,upper back,cable,"biceps, forearms","Sit on the decline bench facing the cable machine with your feet securely placed on the footrests.  Grasp the cable attachment with a wide overhand grip, palms facing down.  Lean back slightly, keeping your back straight and your core engaged.  Pull the cable towards your lower chest, squeezing your shoulder blades together.  Pause for a moment at the peak of the contraction, then slowly release the cable back to the starting position.  Repeat for the desired number of repetitions.",Strength,Beginner,0.37
160,cable floor seated wide-grip row,back,upper back,cable,"biceps, forearms","Sit on the floor with your legs extended and your back straight.  Attach a cable handle to a low pulley and position the cable machine behind you.  Grasp the handle with a wide overhand grip, palms facing down.  Lean back slightly, keeping your back straight and your chest lifted.  Pull the handle towards your waist, squeezing your shoulder blades together.  Pause for a moment at the top of the movement, then slowly release the handle back to the starting position.  Repeat for the desired number of repetitions.",Strength,Beginner,0.37
167,cable high row (kneeling),back,upper back,cable,"biceps, shoulders","Attach a straight bar to a cable machine at chest height.  Kneel down in front of the cable machine and grab the bar with an overhand grip, hands shoulder-width apart.  Sit back on your heels, keeping your back straight and your core engaged.  Pull the bar towards your upper abdomen, squeezing your shoulder blades together.  Pause for a moment at the top of the movement, then slowly release the bar back to the starting position.  Repeat for the desired number of repetitions.",Strength,Intermediate,0.67
180,cable low seated row,back,upper back,cable,"biceps, forearms","Sit on the machine with your feet flat on the footrests and your knees slightly bent.  Grasp the handles with an overhand grip, palms facing down.  Keep your back straight and lean slightly forward, maintaining a slight bend in your elbows.  Pull the handles towards your body, squeezing your shoulder blades together.  Pause for a moment at the peak of the movement, then slowly release the handles back to the starting position.  Repeat for the desired number of repetitions.",Strength,Beginner,0.37
189,cable one arm bent over row,back,upper back,cable,"biceps, forearms","Stand facing a cable machine with your feet shoulder-width apart.  Bend your knees slightly and hinge forward at the hips, keeping your back straight.  Grasp the cable handle with one hand, palm facing inward, and extend your arm fully.  Pull the cable handle towards your body, keeping your elbow close to your side, until your hand reaches your lower chest.  Pause for a moment, then slowly extend your arm back to the starting position.  Repeat for the desired number of repetitions, then switch sides.",Strength,Intermediate,0.67
193,cable one arm straight back high row (kneeling),back,upper back,cable,"biceps, shoulders","Attach a handle to a cable machine at waist height.  Kneel down facing the cable machine and grab the handle with one hand.  Keep your back straight and your core engaged.  Pull the handle towards your chest, squeezing your shoulder blades together.  Pause for a moment at the top of the movement.  Slowly release the handle back to the starting position.  Repeat for the desired number of repetitions.  Switch sides and repeat the exercise with the other arm.",Strength,Intermediate,0.67
